features,split,repeat,fold,auc,n_test
根拠の強い39項目（class 1）,行をランダムに10分割（論文と同じ）,0,0,0.7587563214085034,619
根拠の強い39項目（class 1）,行をランダムに10分割（論文と同じ）,0,1,0.7159062023385867,618
根拠の強い39項目（class 1）,行をランダムに10分割（論文と同じ）,0,2,0.6860701576004067,618
根拠の強い39項目（class 1）,行をランダムに10分割（論文と同じ）,0,3,0.7806462887646162,618
根拠の強い39項目（class 1）,行をランダムに10分割（論文と同じ）,0,4,0.770685053380783,618
根拠の強い39項目（class 1）,行をランダムに10分割（論文と同じ）,0,5,0.7759278088459582,618
根拠の強い39項目（class 1）,行をランダムに10分割（論文と同じ）,0,6,0.8212538129130658,618
根拠の強い39項目（class 1）,行をランダムに10分割（論文と同じ）,0,7,0.7736029020858742,618
根拠の強い39項目（class 1）,行をランダムに10分割（論文と同じ）,0,8,0.7453482190324294,618
根拠の強い39項目（class 1）,行をランダムに10分割（論文と同じ）,0,9,0.7361228382900209,618
根拠の強い39項目（class 1）,行をランダムに10分割（論文と同じ）,0,pooled,0.7556335440664548,6181
根拠の強い39項目（class 1）,行をランダムに10分割（論文と同じ）,1,0,0.8208309920709247,619
根拠の強い39項目（class 1）,行をランダムに10分割（論文と同じ）,1,1,0.739498601931876,618
根拠の強い39項目（class 1）,行をランダムに10分割（論文と同じ）,1,2,0.7997585155058464,618
根拠の強い39項目（class 1）,行をランダムに10分割（論文と同じ）,1,3,0.7589444585663447,618
根拠の強い39項目（class 1）,行をランダムに10分割（論文と同じ）,1,4,0.7665702846975089,618
根拠の強い39項目（class 1）,行をランダムに10分割（論文と同じ）,1,5,0.7192266141331978,618
根拠の強い39項目（class 1）,行をランダムに10分割（論文と同じ）,1,6,0.7770240213523132,618
根拠の強い39項目（class 1）,行をランダムに10分割（論文と同じ）,1,7,0.7686931231822873,618
根拠の強い39項目（class 1）,行をランダムに10分割（論文と同じ）,1,8,0.7388591800356507,618
根拠の強い39項目（class 1）,行をランダムに10分割（論文と同じ）,1,9,0.7604215529912124,618
根拠の強い39項目（class 1）,行をランダムに10分割（論文と同じ）,1,pooled,0.764990744914438,6181
根拠の強い39項目（class 1）,行をランダムに10分割（論文と同じ）,2,0,0.7054067553224699,619
根拠の強い39項目（class 1）,行をランダムに10分割（論文と同じ）,2,1,0.7398481189628876,618
根拠の強い39項目（class 1）,行をランダムに10分割（論文と同じ）,2,2,0.7731475597356381,618
根拠の強い39項目（class 1）,行をランダムに10分割（論文と同じ）,2,3,0.7387836807320792,618
根拠の強い39項目（class 1）,行をランダムに10分割（論文と同じ）,2,4,0.7557988052872395,618
根拠の強い39項目（class 1）,行をランダムに10分割（論文と同じ）,2,5,0.7771511184544992,618
根拠の強い39項目（class 1）,行をランダムに10分割（論文と同じ）,2,6,0.774370869344179,618
根拠の強い39項目（class 1）,行をランダムに10分割（論文と同じ）,2,7,0.7554179566563467,618
根拠の強い39項目（class 1）,行をランダムに10分割（論文と同じ）,2,8,0.7493667323388685,618
根拠の強い39項目（class 1）,行をランダムに10分割（論文と同じ）,2,9,0.7625168089564375,618
根拠の強い39項目（class 1）,行をランダムに10分割（論文と同じ）,2,pooled,0.7523505455197432,6181
根拠の強い39項目（class 1）,行をランダムに10分割（論文と同じ）,3,0,0.7510925891240559,619
根拠の強い39項目（class 1）,行をランダムに10分割（論文と同じ）,3,1,0.7810275800711745,618
根拠の強い39項目（class 1）,行をランダムに10分割（論文と同じ）,3,2,0.7550521098118963,618
根拠の強い39項目（class 1）,行をランダムに10分割（論文と同じ）,3,3,0.7831564565327911,618
根拠の強い39項目（class 1）,行をランダムに10分割（論文と同じ）,3,4,0.7726391713268939,618
根拠の強い39項目（class 1）,行をランダムに10分割（論文と同じ）,3,5,0.7170341891204881,618
根拠の強い39項目（class 1）,行をランダムに10分割（論文と同じ）,3,6,0.7379575495678699,618
根拠の強い39項目（class 1）,行をランダムに10分割（論文と同じ）,3,7,0.7208305969915877,618
根拠の強い39項目（class 1）,行をランダムに10分割（論文と同じ）,3,8,0.7592175626231353,618
根拠の強い39項目（class 1）,行をランダムに10分割（論文と同じ）,3,9,0.7677705851080463,618
根拠の強い39項目（class 1）,行をランダムに10分割（論文と同じ）,3,pooled,0.7543062031800626,6181
根拠の強い39項目（class 1）,行をランダムに10分割（論文と同じ）,4,0,0.7296934507086221,619
根拠の強い39項目（class 1）,行をランダムに10分割（論文と同じ）,4,1,0.7894795373665481,618
根拠の強い39項目（class 1）,行をランダムに10分割（論文と同じ）,4,2,0.7006227758007118,618
根拠の強い39項目（class 1）,行をランダムに10分割（論文と同じ）,4,3,0.7996790798169802,618
根拠の強い39項目（class 1）,行をランダムに10分割（論文と同じ）,4,4,0.7610733350279613,618
根拠の強い39項目（class 1）,行をランダムに10分割（論文と同じ）,4,5,0.7180509659379766,618
根拠の強い39項目（class 1）,行をランダムに10分割（論文と同じ）,4,6,0.8088141840366039,618
根拠の強い39項目（class 1）,行をランダムに10分割（論文と同じ）,4,7,0.7853613534728086,618
根拠の強い39項目（class 1）,行をランダムに10分割（論文と同じ）,4,8,0.7706632892391406,618
根拠の強い39項目（class 1）,行をランダムに10分割（論文と同じ）,4,9,0.6858836038402603,618
根拠の強い39項目（class 1）,行をランダムに10分割（論文と同じ）,4,pooled,0.7555830388246421,6181
根拠の強い39項目（class 1）,人ごとに10分割,0,0,0.4934369202226344,534
根拠の強い39項目（class 1）,人ごとに10分割,0,1,0.4415626405757984,566
根拠の強い39項目（class 1）,人ごとに10分割,0,2,0.5258899676375406,704
根拠の強い39項目（class 1）,人ごとに10分割,0,3,0.5129626471089885,490
根拠の強い39項目（class 1）,人ごとに10分割,0,4,0.41206717000781046,547
根拠の強い39項目（class 1）,人ごとに10分割,0,5,0.5333968495934959,679
根拠の強い39項目（class 1）,人ごとに10分割,0,6,0.43031401458070295,614
根拠の強い39項目（class 1）,人ごとに10分割,0,7,0.338927920895134,628
根拠の強い39項目（class 1）,人ごとに10分割,0,8,0.5271595571292081,713
根拠の強い39項目（class 1）,人ごとに10分割,0,9,0.5317274123725737,706
根拠の強い39項目（class 1）,人ごとに10分割,0,pooled,0.46678443857741886,6181
根拠の強い39項目（class 1）,人ごとに10分割,1,0,0.5359508389755667,359
根拠の強い39項目（class 1）,人ごとに10分割,1,1,0.5664570230607966,683
根拠の強い39項目（class 1）,人ごとに10分割,1,2,0.44969763114578115,717
根拠の強い39項目（class 1）,人ごとに10分割,1,3,0.42149464459591046,599
根拠の強い39項目（class 1）,人ごとに10分割,1,4,0.4588050314465409,563
根拠の強い39項目（class 1）,人ごとに10分割,1,5,0.4255308035830874,708
根拠の強い39項目（class 1）,人ごとに10分割,1,6,0.2799374717182936,739
根拠の強い39項目（class 1）,人ごとに10分割,1,7,0.5285099889012208,670
根拠の強い39項目（class 1）,人ごとに10分割,1,8,0.5112039170506912,648
根拠の強い39項目（class 1）,人ごとに10分割,1,9,0.6833859813882012,495
根拠の強い39項目（class 1）,人ごとに10分割,1,pooled,0.45561946573029943,6181
根拠の強い39項目（class 1）,人ごとに10分割,2,0,0.6491118421052632,420
根拠の強い39項目（class 1）,人ごとに10分割,2,1,0.4610329142939006,763
根拠の強い39項目（class 1）,人ごとに10分割,2,2,0.4911262892253676,650
根拠の強い39項目（class 1）,人ごとに10分割,2,3,0.5435483870967741,597
根拠の強い39項目（class 1）,人ごとに10分割,2,4,0.43543150728109437,605
根拠の強い39項目（class 1）,人ごとに10分割,2,5,0.4523620559334845,672
根拠の強い39項目（class 1）,人ごとに10分割,2,6,0.4168958011113021,595
根拠の強い39項目（class 1）,人ごとに10分割,2,7,0.47887654730327145,748
根拠の強い39項目（class 1）,人ごとに10分割,2,8,0.4571568467439204,612
根拠の強い39項目（class 1）,人ごとに10分割,2,9,0.4103141115799344,519
根拠の強い39項目（class 1）,人ごとに10分割,2,pooled,0.471992949468243,6181
根拠の強い39項目（class 1）,人ごとに10分割,3,0,0.47450248756218905,663
根拠の強い39項目（class 1）,人ごとに10分割,3,1,0.4401697920584601,540
根拠の強い39項目（class 1）,人ごとに10分割,3,2,0.5356193514088251,669
根拠の強い39項目（class 1）,人ごとに10分割,3,3,0.36227470786294313,447
根拠の強い39項目（class 1）,人ごとに10分割,3,4,0.4005943251533743,521
根拠の強い39項目（class 1）,人ごとに10分割,3,5,0.4739945498966359,694
根拠の強い39項目（class 1）,人ごとに10分割,3,6,0.3796806435884935,656
根拠の強い39項目（class 1）,人ごとに10分割,3,7,0.5229389188063431,612
根拠の強い39項目（class 1）,人ごとに10分割,3,8,0.5183497536945814,649
根拠の強い39項目（class 1）,人ごとに10分割,3,9,0.5302091278921942,730
根拠の強い39項目（class 1）,人ごとに10分割,3,pooled,0.46434329928017404,6181
根拠の強い39項目（class 1）,人ごとに10分割,4,0,0.4609665427509294,590
根拠の強い39項目（class 1）,人ごとに10分割,4,1,0.48476489028213166,635
根拠の強い39項目（class 1）,人ごとに10分割,4,2,0.3539125327550375,569
根拠の強い39項目（class 1）,人ごとに10分割,4,3,0.5224730666300692,553
根拠の強い39項目（class 1）,人ごとに10分割,4,4,0.5447497949138638,513
根拠の強い39項目（class 1）,人ごとに10分割,4,5,0.42939895470383277,671
根拠の強い39項目（class 1）,人ごとに10分割,4,6,0.5697369188590096,615
根拠の強い39項目（class 1）,人ごとに10分割,4,7,0.44735659727422494,673
根拠の強い39項目（class 1）,人ごとに10分割,4,8,0.37862272101823186,718
根拠の強い39項目（class 1）,人ごとに10分割,4,9,0.5671085926084323,644
根拠の強い39項目（class 1）,人ごとに10分割,4,pooled,0.4745480412173279,6181
39項目から追跡中のケガの記録を除く,行をランダムに10分割（論文と同じ）,0,0,0.7699943809702191,619
39項目から追跡中のケガの記録を除く,行をランダムに10分割（論文と同じ）,0,1,0.6948557447890188,618
39項目から追跡中のケガの記録を除く,行をランダムに10分割（論文と同じ）,0,2,0.706469242501271,618
39項目から追跡中のケガの記録を除く,行をランダムに10分割（論文と同じ）,0,3,0.7787080579562786,618
39項目から追跡中のケガの記録を除く,行をランダムに10分割（論文と同じ）,0,4,0.7347960091509913,618
39項目から追跡中のケガの記録を除く,行をランダムに10分割（論文と同じ）,0,5,0.756942679206914,618
39項目から追跡中のケガの記録を除く,行をランダムに10分割（論文と同じ）,0,6,0.828768429079817,618
39項目から追跡中のケガの記録を除く,行をランダムに10分割（論文と同じ）,0,7,0.752165619038684,618
39項目から追跡中のケガの記録を除く,行をランダムに10分割（論文と同じ）,0,8,0.7311348781937017,618
39項目から追跡中のケガの記録を除く,行をランダムに10分割（論文と同じ）,0,9,0.7143884667104481,618
39項目から追跡中のケガの記録を除く,行をランダムに10分割（論文と同じ）,0,pooled,0.7464141278312922,6181
39項目から追跡中のケガの記録を除く,行をランダムに10分割（論文と同じ）,1,0,0.7985421739401886,619
39項目から追跡中のケガの記録を除く,行をランダムに10分割（論文と同じ）,1,1,0.7402452974072191,618
39項目から追跡中のケガの記録を除く,行をランダムに10分割（論文と同じ）,1,2,0.7928793848500255,618
39項目から追跡中のケガの記録を除く,行をランダムに10分割（論文と同じ）,1,3,0.7474898322318251,618
39項目から追跡中のケガの記録を除く,行をランダムに10分割（論文と同じ）,1,4,0.7449002287747839,618
39項目から追跡中のケガの記録を除く,行をランダムに10分割（論文と同じ）,1,5,0.6917259786476868,618
39項目から追跡中のケガの記録を除く,行をランダムに10分割（論文と同じ）,1,6,0.7508737925775293,618
39項目から追跡中のケガの記録を除く,行をランダムに10分割（論文と同じ）,1,7,0.7717578259373925,618
39項目から追跡中のケガの記録を除く,行をランダムに10分割（論文と同じ）,1,8,0.7335115864527629,618
39項目から追跡中のケガの記録を除く,行をランダムに10分割（論文と同じ）,1,9,0.7605622791381306,618
39項目から追跡中のケガの記録を除く,行をランダムに10分割（論文と同じ）,1,pooled,0.7530587237072868,6181
39項目から追跡中のケガの記録を除く,行をランダムに10分割（論文と同じ）,2,0,0.6864581382281326,619
39項目から追跡中のケガの記録を除く,行をランダムに10分割（論文と同じ）,2,1,0.7197667768174885,618
39項目から追跡中のケガの記録を除く,行をランダムに10分割（論文と同じ）,2,2,0.7659824605998984,618
39項目から追跡中のケガの記録を除く,行をランダムに10分割（論文と同じ）,2,3,0.7164781392984241,618
39項目から追跡中のケガの記録を除く,行をランダムに10分割（論文と同じ）,2,4,0.7459964412811388,618
39項目から追跡中のケガの記録を除く,行をランダムに10分割（論文と同じ）,2,5,0.7613116420945603,618
39項目から追跡中のケガの記録を除く,行をランダムに10分割（論文と同じ）,2,6,0.7380210981189629,618
39項目から追跡中のケガの記録を除く,行をランダムに10分割（論文と同じ）,2,7,0.7321043249835819,618
39項目から追跡中のケガの記録を除く,行をランダムに10分割（論文と同じ）,2,8,0.7303217937892861,618
39項目から追跡中のケガの記録を除く,行をランダムに10分割（論文と同じ）,2,9,0.7275698158051099,618
39項目から追跡中のケガの記録を除く,行をランダムに10分割（論文と同じ）,2,pooled,0.7319360111212543,6181
39項目から追跡中のケガの記録を除く,行をランダムに10分割（論文と同じ）,3,0,0.74492726478117,619
39項目から追跡中のケガの記録を除く,行をランダムに10分割（論文と同じ）,3,1,0.8044769954245043,618
39項目から追跡中のケガの記録を除く,行をランダムに10分割（論文と同じ）,3,2,0.7146828927300457,618
39項目から追跡中のケガの記録を除く,行をランダムに10分割（論文と同じ）,3,3,0.7643301982714794,618
39項目から追跡中のケガの記録を除く,行をランダムに10分割（論文と同じ）,3,4,0.7329848754448398,618
39項目から追跡中のケガの記録を除く,行をランダムに10分割（論文と同じ）,3,5,0.7286794611082867,618
39項目から追跡中のケガの記録を除く,行をランダムに10分割（論文と同じ）,3,6,0.7290925266903915,618
39項目から追跡中のケガの記録を除く,行をランダムに10分割（論文と同じ）,3,7,0.7234574850673923,618
39項目から追跡中のケガの記録を除く,行をランダムに10分割（論文と同じ）,3,8,0.711980485974294,618
39項目から追跡中のケガの記録を除く,行をランダムに10分割（論文と同じ）,3,9,0.7680989461175219,618
39項目から追跡中のケガの記録を除く,行をランダムに10分割（論文と同じ）,3,pooled,0.7422562837990547,6181
39項目から追跡中のケガの記録を除く,行をランダムに10分割（論文と同じ）,4,0,0.7085752637822313,619
39項目から追跡中のケガの記録を除く,行をランダムに10分割（論文と同じ）,4,1,0.7609462379257753,618
39項目から追跡中のケガの記録を除く,行をランダムに10分割（論文と同じ）,4,2,0.7182257244534824,618
39項目から追跡中のケガの記録を除く,行をランダムに10分割（論文と同じ）,4,3,0.7824097610574479,618
39項目から追跡中のケガの記録を除く,行をランダムに10分割（論文と同じ）,4,4,0.7607079308591764,618
39項目から追跡中のケガの記録を除く,行をランダムに10分割（論文と同じ）,4,5,0.7079149720386375,618
39項目から追跡中のケガの記録を除く,行をランダムに10分割（論文と同じ）,4,6,0.7802014489069649,618
39項目から追跡中のケガの記録を除く,行をランダムに10分割（論文と同じ）,4,7,0.739797354348438,618
39項目から追跡中のケガの記録を除く,行をランダムに10分割（論文と同じ）,4,8,0.7744472589673828,618
39項目から追跡中のケガの記録を除く,行をランダムに10分割（論文と同じ）,4,9,0.6778622134659287,618
39項目から追跡中のケガの記録を除く,行をランダムに10分割（論文と同じ）,4,pooled,0.7413915393618915,6181
39項目から追跡中のケガの記録を除く,人ごとに10分割,0,0,0.4728664192949907,534
39項目から追跡中のケガの記録を除く,人ごとに10分割,0,1,0.4892037786774629,566
39項目から追跡中のケガの記録を除く,人ごとに10分割,0,2,0.5259652291713706,704
39項目から追跡中のケガの記録を除く,人ごとに10分割,0,3,0.5187617260787993,490
39項目から追跡中のケガの記録を除く,人ごとに10分割,0,4,0.4008721687060661,547
39項目から追跡中のケガの記録を除く,人ごとに10分割,0,5,0.5688770325203253,679
39項目から追跡中のケガの記録を除く,人ごとに10分割,0,6,0.456054249989818,614
39項目から追跡中のケガの記録を除く,人ごとに10分割,0,7,0.3928210021106196,628
39項目から追跡中のケガの記録を除く,人ごとに10分割,0,8,0.5826448603383353,713
39項目から追跡中のケガの記録を除く,人ごとに10分割,0,9,0.5178327049294791,706
39項目から追跡中のケガの記録を除く,人ごとに10分割,0,pooled,0.4853793638107215,6181
39項目から追跡中のケガの記録を除く,人ごとに10分割,1,0,0.5850382690609361,359
39項目から追跡中のケガの記録を除く,人ごとに10分割,1,1,0.562503743635819,683
39項目から追跡中のケガの記録を除く,人ごとに10分割,1,2,0.5011987404279682,717
39項目から追跡中のケガの記録を除く,人ごとに10分割,1,3,0.5150803310613438,599
39項目から追跡中のケガの記録を除く,人ごとに10分割,1,4,0.49550499445061047,563
39項目から追跡中のケガの記録を除く,人ごとに10分割,1,5,0.3560758402757828,708
39項目から追跡中のケガの記録を除く,人ごとに10分割,1,6,0.40492204533300424,739
39項目から追跡中のケガの記録を除く,人ごとに10分割,1,7,0.5003237143914169,670
39項目から追跡中のケガの記録を除く,人ごとに10分割,1,8,0.3909562211981567,648
39項目から追跡中のケガの記録を除く,人ごとに10分割,1,9,0.5802527106633655,495
39項目から追跡中のケガの記録を除く,人ごとに10分割,1,pooled,0.4719211373275404,6181
39項目から追跡中のケガの記録を除く,人ごとに10分割,2,0,0.5897697368421052,420
39項目から追跡中のケガの記録を除く,人ごとに10分割,2,1,0.4704523476952831,763
39項目から追跡中のケガの記録を除く,人ごとに10分割,2,2,0.5180628703094141,650
39項目から追跡中のケガの記録を除く,人ごとに10分割,2,3,0.5046276756104914,597
39項目から追跡中のケガの記録を除く,人ごとに10分割,2,4,0.5560423627308833,605
39項目から追跡中のケガの記録を除く,人ごとに10分割,2,5,0.47286470143612996,672
39項目から追跡中のケガの記録を除く,人ごとに10分割,2,6,0.4606461591338718,595
39項目から追跡中のケガの記録を除く,人ごとに10分割,2,7,0.383993700265252,748
39項目から追跡中のケガの記録を除く,人ごとに10分割,2,8,0.48250367227027907,612
39項目から追跡中のケガの記録を除く,人ごとに10分割,2,9,0.48347398030942335,519
39項目から追跡中のケガの記録を除く,人ごとに10分割,2,pooled,0.48431891156153367,6181
39項目から追跡中のケガの記録を除く,人ごとに10分割,3,0,0.5101851851851852,663
39項目から追跡中のケガの記録を除く,人ごとに10分割,3,1,0.5353285691257859,540
39項目から追跡中のケガの記録を除く,人ごとに10分割,3,2,0.47482721956406165,669
39項目から追跡中のケガの記録を除く,人ごとに10分割,3,3,0.5562735195088137,447
39項目から追跡中のケガの記録を除く,人ごとに10分割,3,4,0.48964723926380366,521
39項目から追跡中のケガの記録を除く,人ごとに10分割,3,5,0.5868727682766397,694
39項目から追跡中のケガの記録を除く,人ごとに10分割,3,6,0.45106045831301805,656
39項目から追跡中のケガの記録を除く,人ごとに10分割,3,7,0.48680491505757045,612
39項目から追跡中のケガの記録を除く,人ごとに10分割,3,8,0.505603448275862,649
39項目から追跡中のケガの記録を除く,人ごとに10分割,3,9,0.5408403254513094,730
39項目から追跡中のケガの記録を除く,人ごとに10分割,3,pooled,0.5072400842427434,6181
39項目から追跡中のケガの記録を除く,人ごとに10分割,4,0,0.42236202459250793,590
39項目から追跡中のケガの記録を除く,人ごとに10分割,4,1,0.47120689655172415,635
39項目から追跡中のケガの記録を除く,人ごとに10分割,4,2,0.4152886961236107,569
39項目から追跡中のケガの記録を除く,人ごとに10分割,4,3,0.5274994853496192,553
39項目から追跡中のケガの記録を除く,人ごとに10分割,4,4,0.5464520098441346,513
39項目から追跡中のケガの記録を除く,人ごとに10分割,4,5,0.4553281068524971,671
39項目から追跡中のケガの記録を除く,人ごとに10分割,4,6,0.5638015516537361,615
39項目から追跡中のケガの記録を除く,人ごとに10分割,4,7,0.4186261294992761,673
39項目から追跡中のケガの記録を除く,人ごとに10分割,4,8,0.4328345373237014,718
39項目から追跡中のケガの記録を除く,人ごとに10分割,4,9,0.612584197583663,644
39項目から追跡中のケガの記録を除く,人ごとに10分割,4,pooled,0.4790865685097292,6181
全257項目（項目選択なし）,行をランダムに10分割（論文と同じ）,0,0,0.7578978585253169,619
全257項目（項目選択なし）,行をランダムに10分割（論文と同じ）,0,1,0.7494280630401627,618
全257項目（項目選択なし）,行をランダムに10分割（論文と同じ）,0,2,0.6945221148957804,618
全257項目（項目選択なし）,行をランダムに10分割（論文と同じ）,0,3,0.7898290543975597,618
全257項目（項目選択なし）,行をランダムに10分割（論文と同じ）,0,4,0.7641077783426539,618
全257項目（項目選択なし）,行をランダムに10分割（論文と同じ）,0,5,0.7412144128113879,618
全257項目（項目選択なし）,行をランダムに10分割（論文と同じ）,0,6,0.8010612608032537,618
全257項目（項目選択なし）,行をランダムに10分割（論文と同じ）,0,7,0.7523532539012415,618
全257項目（項目選択なし）,行をランダムに10分割（論文と同じ）,0,8,0.7150920974450385,618
全257項目（項目選択なし）,行をランダムに10分割（論文と同じ）,0,9,0.7306188823216687,618
全257項目（項目選択なし）,行をランダムに10分割（論文と同じ）,0,pooled,0.7489834241796371,6181
全257項目（項目選択なし）,行をランダムに10分割（論文と同じ）,1,0,0.82200162327527,619
全257項目（項目選択なし）,行をランダムに10分割（論文と同じ）,1,1,0.7197032282663955,618
全257項目（項目選択なし）,行をランダムに10分割（論文と同じ）,1,2,0.7925775292323335,618
全257項目（項目選択なし）,行をランダムに10分割（論文と同じ）,1,3,0.7350343162175902,618
全257項目（項目選択なし）,行をランダムに10分割（論文と同じ）,1,4,0.7643143111337062,618
全257項目（項目選択なし）,行をランダムに10分割（論文と同じ）,1,5,0.722801220132181,618
全257項目（項目選択なし）,行をランダムに10分割（論文と同じ）,1,6,0.7865721911540418,618
全257項目（項目選択なし）,行をランダムに10分割（論文と同じ）,1,7,0.7375457359977484,618
全257項目（項目選択なし）,行をランダムに10分割（論文と同じ）,1,8,0.743987866278888,618
全257項目（項目選択なし）,行をランダムに10分割（論文と同じ）,1,9,0.8045626544078557,618
全257項目（項目選択なし）,行をランダムに10分割（論文と同じ）,1,pooled,0.763589224454133,6181
全257項目（項目選択なし）,行をランダムに10分割（論文と同じ）,2,0,0.6804020727976525,619
全257項目（項目選択なし）,行をランダムに10分割（論文と同じ）,2,1,0.7521765378749365,618
全257項目（項目選択なし）,行をランダムに10分割（論文と同じ）,2,2,0.7344464921199797,618
全257項目（項目選択なし）,行をランダムに10分割（論文と同じ）,2,3,0.7351137519064566,618
全257項目（項目選択なし）,行をランダムに10分割（論文と同じ）,2,4,0.7191471784443315,618
全257項目（項目選択なし）,行をランダムに10分割（論文と同じ）,2,5,0.7688580325368581,618
全257項目（項目選択なし）,行をランダムに10分割（論文と同じ）,2,6,0.7909729283172343,618
全257項目（項目選択なし）,行をランダムに10分割（論文と同じ）,2,7,0.7526190699565313,618
全257項目（項目選択なし）,行をランダムに10分割（論文と同じ）,2,8,0.7497263658254371,618
全257項目（項目選択なし）,行をランダムに10分割（論文と同じ）,2,9,0.7958845420145729,618
全257項目（項目選択なし）,行をランダムに10分割（論文と同じ）,2,pooled,0.7474127111592594,6181
全257項目（項目選択なし）,行をランダムに10分割（論文と同じ）,3,0,0.746425672722732,619
全257項目（項目選択なし）,行をランダムに10分割（論文と同じ）,3,1,0.8115467717336045,618
全257項目（項目選択なし）,行をランダムに10分割（論文と同じ）,3,2,0.7584360701576004,618
全257項目（項目選択なし）,行をランダムに10分割（論文と同じ）,3,3,0.7866357397051348,618
全257項目（項目選択なし）,行をランダムに10分割（論文と同じ）,3,4,0.786969369598373,618
全257項目（項目選択なし）,行をランダムに10分割（論文と同じ）,3,5,0.7364959328927301,618
全257項目（項目選択なし）,行をランダムに10分割（論文と同じ）,3,6,0.7548138027452974,618
全257項目（項目選択なし）,行をランダムに10分割（論文と同じ）,3,7,0.725959283234825,618
全257項目（項目選択なし）,行をランダムに10分割（論文と同じ）,3,8,0.7582012071176156,618
全257項目（項目選択なし）,行をランダムに10分割（論文と同じ）,3,9,0.7727585452043656,618
全257項目（項目選択なし）,行をランダムに10分割（論文と同じ）,3,pooled,0.7633670013901568,6181
全257項目（項目選択なし）,行をランダムに10分割（論文と同じ）,4,0,0.7264937254167447,619
全257項目（項目選択なし）,行をランダムに10分割（論文と同じ）,4,1,0.781678952719878,618
全257項目（項目選択なし）,行をランダムに10分割（論文と同じ）,4,2,0.727535587188612,618
全257項目（項目選択なし）,行をランダムに10分割（論文と同じ）,4,3,0.7966287493645144,618
全257項目（項目選択なし）,行をランダムに10分割（論文と同じ）,4,4,0.7652198779867819,618
全257項目（項目選択なし）,行をランダムに10分割（論文と同じ）,4,5,0.7231030757498729,618
全257項目（項目選択なし）,行をランダムに10分割（論文と同じ）,4,6,0.7823462125063549,618
全257項目（項目選択なし）,行をランダムに10分割（論文と同じ）,4,7,0.794305281921381,618
全257項目（項目選択なし）,行をランダムに10分割（論文と同じ）,4,8,0.7809675704412546,618
全257項目（項目選択なし）,行をランダムに10分割（論文と同じ）,4,9,0.6800825593395252,618
全257項目（項目選択なし）,行をランダムに10分割（論文と同じ）,4,pooled,0.7562765389262838,6181
全257項目（項目選択なし）,人ごとに10分割,0,0,0.4667903525046382,534
全257項目（項目選択なし）,人ごとに10分割,0,1,0.3947087269455691,566
全257項目（項目選択なし）,人ごとに10分割,0,2,0.4894351621886054,704
全257項目（項目選択なし）,人ごとに10分割,0,3,0.46566035590425836,490
全257項目（項目選択なし）,人ごとに10分割,0,4,0.3540744597760999,547
全257項目（項目選択なし）,人ごとに10分割,0,5,0.5913744918699188,679
全257項目（項目選択なし）,人ごとに10分割,0,6,0.5741253614629578,614
全257項目（項目選択なし）,人ごとに10分割,0,7,0.656315956862405,628
全257項目（項目選択なし）,人ごとに10分割,0,8,0.5709408194233687,713
全257項目（項目選択なし）,人ごとに10分割,0,9,0.5593632174277335,706
全257項目（項目選択なし）,人ごとに10分割,0,pooled,0.5094465319944393,6181
全257項目（項目選択なし）,人ごとに10分割,1,0,0.6081100971445393,359
全257項目（項目選択なし）,人ごとに10分割,1,1,0.5685534591194968,683
全257項目（項目選択なし）,人ごとに10分割,1,2,0.5322675874901597,717
全257項目（項目選択なし）,人ごとに10分割,1,3,0.5727604673807205,599
全257項目（項目選択なし）,人ごとに10分割,1,4,0.5125231224565299,563
全257項目（項目選択なし）,人ごとに10分割,1,5,0.4957953566112141,708
全257項目（項目選択なし）,人ごとに10分割,1,6,0.569943230902135,739
全257項目（項目選択なし）,人ごとに10分割,1,7,0.6490473547909729,670
全257項目（項目選択なし）,人ごとに10分割,1,8,0.47566244239631333,648
全257項目（項目選択なし）,人ごとに10分割,1,9,0.5675531460770085,495
全257項目（項目選択なし）,人ごとに10分割,1,pooled,0.5317703223623322,6181
全257項目（項目選択なし）,人ごとに10分割,2,0,0.5989473684210526,420
全257項目（項目選択なし）,人ごとに10分割,2,1,0.5617366856487949,763
全257項目（項目選択なし）,人ごとに10分割,2,2,0.5679312047399604,650
全257項目（項目選択なし）,人ごとに10分割,2,3,0.5216460657220379,597
全257項目（項目選択なし）,人ごとに10分割,2,4,0.47872407489125635,605
全257項目（項目選択なし）,人ごとに10分割,2,5,0.6688019652305367,672
全257項目（項目選択なし）,人ごとに10分割,2,6,0.615111416623704,595
全257項目（項目選択なし）,人ごとに10分割,2,7,0.4916970601237842,748
全257項目（項目選択なし）,人ごとに10分割,2,8,0.4266035580218704,612
全257項目（項目選択なし）,人ごとに10分割,2,9,0.5624238162212847,519
全257項目（項目選択なし）,人ごとに10分割,2,pooled,0.5306113848916094,6181
全257項目（項目選択なし）,人ごとに10分割,3,0,0.5007462686567165,663
全257項目（項目選択なし）,人ごとに10分割,3,1,0.5651765085164687,540
全257項目（項目選択なし）,人ごとに10分割,3,2,0.4356902356902357,669
全257項目（項目選択なし）,人ごとに10分割,3,3,0.6331699346405228,447
全257項目（項目選択なし）,人ごとに10分割,3,4,0.5297162576687117,521
全257項目（項目選択なし）,人ごとに10分割,3,5,0.5269921067468522,694
全257項目（項目選択なし）,人ごとに10分割,3,6,0.4023768893222818,656
全257項目（項目選択なし）,人ごとに10分割,3,7,0.5655737704918034,612
全257項目（項目選択なし）,人ごとに10分割,3,8,0.5561165845648605,649
全257項目（項目選択なし）,人ごとに10分割,3,9,0.5840325451309433,730
全257項目（項目選択なし）,人ごとに10分割,3,pooled,0.5071706395352507,6181
全257項目（項目選択なし）,人ごとに10分割,4,0,0.5039319416642837,590
全257項目（項目選択なし）,人ごとに10分割,4,1,0.5645297805642634,635
全257項目（項目選択なし）,人ごとに10分割,4,2,0.33066775097135626,569
全257項目（項目選択なし）,人ごとに10分割,4,3,0.5512248679064021,553
全257項目（項目選択なし）,人ごとに10分割,4,4,0.5318908941755538,513
全257項目（項目選択なし）,人ごとに10分割,4,5,0.5744483159117304,671
全257項目（項目選択なし）,人ごとに10分割,4,6,0.5205185790118416,615
全257項目（項目選択なし）,人ごとに10分割,4,7,0.5234511507163896,673
全257項目（項目選択なし）,人ごとに10分割,4,8,0.4714482284141727,718
全257項目（項目選択なし）,人ごとに10分割,4,9,0.5777112512919206,644
全257項目（項目選択なし）,人ごとに10分割,4,pooled,0.5107980206995735,6181
